rep,arm,leg,ns_per_op
0,A-main,settings-d1,1.136
0,A-main,settings-d8,1.12
0,A-main,stream-store,103.644
0,A-main,plain-write,89.328
0,A-main,control-codec,32.605
0,A-main,settings-d1,1.118
0,A-main,settings-d8,1.116
0,A-main,stream-store,103.411
0,A-main,plain-write,89.416
0,A-main,control-codec,33.039
0,A-main,settings-d1,1.112
0,A-main,settings-d8,1.116
0,A-main,stream-store,96.424
0,A-main,plain-write,64.503
0,A-main,control-codec,23.106
0,B-branch,settings-d1,0.798
0,B-branch,settings-d8,0.79
0,B-branch,stream-store,76.646
0,B-branch,plain-write,53.466
0,B-branch,control-codec,23.803
0,B-branch,settings-d1,0.811
0,B-branch,settings-d8,0.808
0,B-branch,stream-store,76.058
0,B-branch,plain-write,52.281
0,B-branch,control-codec,23.288
0,B-branch,settings-d1,0.802
0,B-branch,settings-d8,0.801
0,B-branch,stream-store,75.976
0,B-branch,plain-write,52.506
0,B-branch,control-codec,23.485
1,A-main,settings-d1,0.806
1,A-main,settings-d8,0.797
1,A-main,stream-store,76.333
1,A-main,plain-write,52.93
1,A-main,control-codec,23.766
1,A-main,settings-d1,0.809
1,A-main,settings-d8,0.807
1,A-main,stream-store,76.695
1,A-main,plain-write,52.837
1,A-main,control-codec,23.699
1,A-main,settings-d1,0.802
1,A-main,settings-d8,0.808
1,A-main,stream-store,77.689
1,A-main,plain-write,54.187
1,A-main,control-codec,23.98
1,B-branch,settings-d1,0.814
1,B-branch,settings-d8,0.823
1,B-branch,stream-store,76.655
1,B-branch,plain-write,52.954
1,B-branch,control-codec,24.645
1,B-branch,settings-d1,0.803
1,B-branch,settings-d8,0.8
1,B-branch,stream-store,75.349
1,B-branch,plain-write,52.248
1,B-branch,control-codec,22.761
1,B-branch,settings-d1,0.806
1,B-branch,settings-d8,0.81
1,B-branch,stream-store,78.329
1,B-branch,plain-write,52.634
1,B-branch,control-codec,23.161
2,A-main,settings-d1,0.83
2,A-main,settings-d8,0.819
2,A-main,stream-store,80.132
2,A-main,plain-write,53.477
2,A-main,control-codec,23.816
2,A-main,settings-d1,0.807
2,A-main,settings-d8,0.811
2,A-main,stream-store,77.584
2,A-main,plain-write,52.871
2,A-main,control-codec,23.641
2,A-main,settings-d1,0.834
2,A-main,settings-d8,0.805
2,A-main,stream-store,79.403
2,A-main,plain-write,52.976
2,A-main,control-codec,23.615
2,B-branch,settings-d1,0.799
2,B-branch,settings-d8,0.799
2,B-branch,stream-store,75.557
2,B-branch,plain-write,52.331
2,B-branch,control-codec,24.108
2,B-branch,settings-d1,0.807
2,B-branch,settings-d8,0.835
2,B-branch,stream-store,76.242
2,B-branch,plain-write,52.444
2,B-branch,control-codec,24.113
2,B-branch,settings-d1,0.808
2,B-branch,settings-d8,0.808
2,B-branch,stream-store,76.295
2,B-branch,plain-write,52.362
2,B-branch,control-codec,23.648
3,A-main,settings-d1,0.862
3,A-main,settings-d8,0.803
3,A-main,stream-store,76.659
3,A-main,plain-write,52.431
3,A-main,control-codec,23.499
3,A-main,settings-d1,0.806
3,A-main,settings-d8,0.81
3,A-main,stream-store,77.439
3,A-main,plain-write,52.802
3,A-main,control-codec,23.521
3,A-main,settings-d1,0.816
3,A-main,settings-d8,0.807
3,A-main,stream-store,76.635
3,A-main,plain-write,52.715
3,A-main,control-codec,23.569
3,B-branch,settings-d1,0.801
3,B-branch,settings-d8,0.8
3,B-branch,stream-store,77.475
3,B-branch,plain-write,52.917
3,B-branch,control-codec,23.629
3,B-branch,settings-d1,0.806
3,B-branch,settings-d8,0.81
3,B-branch,stream-store,76.327
3,B-branch,plain-write,52.524
3,B-branch,control-codec,24.578
3,B-branch,settings-d1,0.806
3,B-branch,settings-d8,0.828
3,B-branch,stream-store,77.165
3,B-branch,plain-write,52.776
3,B-branch,control-codec,24.132
4,A-main,settings-d1,0.821
4,A-main,settings-d8,0.818
4,A-main,stream-store,78.449
4,A-main,plain-write,54.046
4,A-main,control-codec,23.922
4,A-main,settings-d1,0.816
4,A-main,settings-d8,0.85
4,A-main,stream-store,76.902
4,A-main,plain-write,53.317
4,A-main,control-codec,23.559
4,A-main,settings-d1,0.809
4,A-main,settings-d8,0.806
4,A-main,stream-store,78.638
4,A-main,plain-write,53.307
4,A-main,control-codec,23.647
4,B-branch,settings-d1,0.817
4,B-branch,settings-d8,0.806
4,B-branch,stream-store,77.673
4,B-branch,plain-write,53.044
4,B-branch,control-codec,23.556
4,B-branch,settings-d1,0.804
4,B-branch,settings-d8,0.804
4,B-branch,stream-store,78.144
4,B-branch,plain-write,52.435
4,B-branch,control-codec,23.552
4,B-branch,settings-d1,0.805
4,B-branch,settings-d8,0.808
4,B-branch,stream-store,76.233
4,B-branch,plain-write,52.342
4,B-branch,control-codec,23.757
5,A-main,settings-d1,0.847
5,A-main,settings-d8,0.805
5,A-main,stream-store,77.259
5,A-main,plain-write,52.58
5,A-main,control-codec,23.531
5,A-main,settings-d1,0.81
5,A-main,settings-d8,0.805
5,A-main,stream-store,76.878
5,A-main,plain-write,52.866
5,A-main,control-codec,23.482
5,A-main,settings-d1,0.809
5,A-main,settings-d8,0.806
5,A-main,stream-store,77.047
5,A-main,plain-write,52.658
5,A-main,control-codec,23.696
5,B-branch,settings-d1,0.815
5,B-branch,settings-d8,0.802
5,B-branch,stream-store,76.46
5,B-branch,plain-write,52.837
5,B-branch,control-codec,22.77
5,B-branch,settings-d1,0.805
5,B-branch,settings-d8,0.805
5,B-branch,stream-store,76.015
5,B-branch,plain-write,52.331
5,B-branch,control-codec,23.006
5,B-branch,settings-d1,0.805
5,B-branch,settings-d8,0.81
5,B-branch,stream-store,76.507
5,B-branch,plain-write,52.311
5,B-branch,control-codec,22.696
6,A-main,settings-d1,0.813
6,A-main,settings-d8,0.854
6,A-main,stream-store,76.307
6,A-main,plain-write,52.687
6,A-main,control-codec,22.526
6,A-main,settings-d1,0.806
6,A-main,settings-d8,0.806
6,A-main,stream-store,76.333
6,A-main,plain-write,52.96
6,A-main,control-codec,22.579
6,A-main,settings-d1,0.811
6,A-main,settings-d8,0.806
6,A-main,stream-store,76.803
6,A-main,plain-write,53.374
6,A-main,control-codec,23.513
6,B-branch,settings-d1,0.823
6,B-branch,settings-d8,0.829
6,B-branch,stream-store,77.447
6,B-branch,plain-write,53.337
6,B-branch,control-codec,23.692
6,B-branch,settings-d1,0.815
6,B-branch,settings-d8,0.847
6,B-branch,stream-store,76.137
6,B-branch,plain-write,52.123
6,B-branch,control-codec,23.531
6,B-branch,settings-d1,0.805
6,B-branch,settings-d8,0.805
6,B-branch,stream-store,76.084
6,B-branch,plain-write,52.055
6,B-branch,control-codec,23.366
7,A-main,settings-d1,0.802
7,A-main,settings-d8,0.808
7,A-main,stream-store,79.365
7,A-main,plain-write,55.062
7,A-main,control-codec,23.849
7,A-main,settings-d1,0.81
7,A-main,settings-d8,0.81
7,A-main,stream-store,77.356
7,A-main,plain-write,52.743
7,A-main,control-codec,23.603
7,A-main,settings-d1,0.805
7,A-main,settings-d8,0.809
7,A-main,stream-store,77.206
7,A-main,plain-write,52.778
7,A-main,control-codec,23.869
7,B-branch,settings-d1,0.802
7,B-branch,settings-d8,0.848
7,B-branch,stream-store,76.522
7,B-branch,plain-write,53.27
7,B-branch,control-codec,23.534
7,B-branch,settings-d1,0.806
7,B-branch,settings-d8,0.81
7,B-branch,stream-store,77.704
7,B-branch,plain-write,53.163
7,B-branch,control-codec,23.552
7,B-branch,settings-d1,0.811
7,B-branch,settings-d8,0.805
7,B-branch,stream-store,76.232
7,B-branch,plain-write,53.053
7,B-branch,control-codec,23.731
8,A-main,settings-d1,0.802
8,A-main,settings-d8,0.801
8,A-main,stream-store,77.018
8,A-main,plain-write,52.556
8,A-main,control-codec,23.669
8,A-main,settings-d1,0.808
8,A-main,settings-d8,0.808
8,A-main,stream-store,76.771
8,A-main,plain-write,53.256
8,A-main,control-codec,23.559
8,A-main,settings-d1,0.805
8,A-main,settings-d8,0.805
8,A-main,stream-store,76.437
8,A-main,plain-write,52.63
8,A-main,control-codec,23.637
8,B-branch,settings-d1,0.801
8,B-branch,settings-d8,0.799
8,B-branch,stream-store,75.875
8,B-branch,plain-write,52.794
8,B-branch,control-codec,23.466
8,B-branch,settings-d1,0.804
8,B-branch,settings-d8,0.829
8,B-branch,stream-store,76.798
8,B-branch,plain-write,53.34
8,B-branch,control-codec,24.009
8,B-branch,settings-d1,0.822
8,B-branch,settings-d8,0.818
8,B-branch,stream-store,78.498
8,B-branch,plain-write,52.552
8,B-branch,control-codec,23.441
9,A-main,settings-d1,0.837
9,A-main,settings-d8,0.815
9,A-main,stream-store,77.386
9,A-main,plain-write,53.851
9,A-main,control-codec,23.936
9,A-main,settings-d1,0.817
9,A-main,settings-d8,0.817
9,A-main,stream-store,78.273
9,A-main,plain-write,53.873
9,A-main,control-codec,23.94
9,A-main,settings-d1,0.815
9,A-main,settings-d8,0.818
9,A-main,stream-store,76.557
9,A-main,plain-write,52.419
9,A-main,control-codec,23.657
9,B-branch,settings-d1,0.863
9,B-branch,settings-d8,0.811
9,B-branch,stream-store,77.713
9,B-branch,plain-write,54.063
9,B-branch,control-codec,24.195
9,B-branch,settings-d1,0.824
9,B-branch,settings-d8,0.825
9,B-branch,stream-store,77.68
9,B-branch,plain-write,54.874
9,B-branch,control-codec,23.602
9,B-branch,settings-d1,0.806
9,B-branch,settings-d8,0.809
9,B-branch,stream-store,76.033
9,B-branch,plain-write,52.568
9,B-branch,control-codec,23.366
10,A-main,settings-d1,0.801
10,A-main,settings-d8,0.8
10,A-main,stream-store,78.434
10,A-main,plain-write,53.375
10,A-main,control-codec,23.615
10,A-main,settings-d1,0.811
10,A-main,settings-d8,0.808
10,A-main,stream-store,77.831
10,A-main,plain-write,52.834
10,A-main,control-codec,23.674
10,A-main,settings-d1,0.822
10,A-main,settings-d8,0.843
10,A-main,stream-store,79.501
10,A-main,plain-write,53.32
10,A-main,control-codec,23.553
10,B-branch,settings-d1,0.81
10,B-branch,settings-d8,0.799
10,B-branch,stream-store,76.974
10,B-branch,plain-write,53.172
10,B-branch,control-codec,23.589
10,B-branch,settings-d1,0.81
10,B-branch,settings-d8,0.806
10,B-branch,stream-store,77.614
10,B-branch,plain-write,53.711
10,B-branch,control-codec,23.891
10,B-branch,settings-d1,0.811
10,B-branch,settings-d8,0.807
10,B-branch,stream-store,76.952
10,B-branch,plain-write,52.645
10,B-branch,control-codec,23.5
11,A-main,settings-d1,0.801
11,A-main,settings-d8,0.799
11,A-main,stream-store,77.154
11,A-main,plain-write,65.441
11,A-main,control-codec,23.465
11,A-main,settings-d1,0.804
11,A-main,settings-d8,0.803
11,A-main,stream-store,76.606
11,A-main,plain-write,65.652
11,A-main,control-codec,23.428
11,A-main,settings-d1,0.805
11,A-main,settings-d8,0.805
11,A-main,stream-store,76.903
11,A-main,plain-write,65.308
11,A-main,control-codec,23.919
11,B-branch,settings-d1,0.825
11,B-branch,settings-d8,0.887
11,B-branch,stream-store,77.634
11,B-branch,plain-write,53.149
11,B-branch,control-codec,22.962
11,B-branch,settings-d1,0.82
11,B-branch,settings-d8,0.813
11,B-branch,stream-store,77.679
11,B-branch,plain-write,52.852
11,B-branch,control-codec,23.482
11,B-branch,settings-d1,0.816
11,B-branch,settings-d8,0.818
11,B-branch,stream-store,78.911
11,B-branch,plain-write,52.724
11,B-branch,control-codec,23.028
12,A-main,settings-d1,0.804
12,A-main,settings-d8,0.815
12,A-main,stream-store,77.533
12,A-main,plain-write,54.246
12,A-main,control-codec,22.977
12,A-main,settings-d1,0.815
12,A-main,settings-d8,0.815
12,A-main,stream-store,76.32
12,A-main,plain-write,52.835
12,A-main,control-codec,22.661
12,A-main,settings-d1,0.806
12,A-main,settings-d8,0.81
12,A-main,stream-store,76.167
12,A-main,plain-write,55.162
12,A-main,control-codec,22.81
12,B-branch,settings-d1,0.815
12,B-branch,settings-d8,0.801
12,B-branch,stream-store,74.397
12,B-branch,plain-write,63.805
12,B-branch,control-codec,23.681
12,B-branch,settings-d1,0.808
12,B-branch,settings-d8,0.816
12,B-branch,stream-store,76.213
12,B-branch,plain-write,63.553
12,B-branch,control-codec,24.048
12,B-branch,settings-d1,0.804
12,B-branch,settings-d8,0.807
12,B-branch,stream-store,76.083
12,B-branch,plain-write,63.378
12,B-branch,control-codec,23.534
13,A-main,settings-d1,0.802
13,A-main,settings-d8,0.807
13,A-main,stream-store,78.829
13,A-main,plain-write,52.271
13,A-main,control-codec,23.581
13,A-main,settings-d1,0.806
13,A-main,settings-d8,0.805
13,A-main,stream-store,77.255
13,A-main,plain-write,53.271
13,A-main,control-codec,23.898
13,A-main,settings-d1,0.809
13,A-main,settings-d8,0.887
13,A-main,stream-store,78.798
13,A-main,plain-write,52.345
13,A-main,control-codec,23.391
13,B-branch,settings-d1,0.803
13,B-branch,settings-d8,0.799
13,B-branch,stream-store,76.696
13,B-branch,plain-write,52.593
13,B-branch,control-codec,23.603
13,B-branch,settings-d1,0.805
13,B-branch,settings-d8,0.804
13,B-branch,stream-store,76.452
13,B-branch,plain-write,52.672
13,B-branch,control-codec,23.663
13,B-branch,settings-d1,0.84
13,B-branch,settings-d8,0.806
13,B-branch,stream-store,77.38
13,B-branch,plain-write,52.79
13,B-branch,control-codec,23.605
14,A-main,settings-d1,0.827
14,A-main,settings-d8,0.816
14,A-main,stream-store,77.874
14,A-main,plain-write,52.774
14,A-main,control-codec,25.859
14,A-main,settings-d1,0.818
14,A-main,settings-d8,0.811
14,A-main,stream-store,77.72
14,A-main,plain-write,52.401
14,A-main,control-codec,25.804
14,A-main,settings-d1,0.81
14,A-main,settings-d8,0.807
14,A-main,stream-store,77.061
14,A-main,plain-write,52.397
14,A-main,control-codec,25.762
14,B-branch,settings-d1,0.903
14,B-branch,settings-d8,0.805
14,B-branch,stream-store,76.484
14,B-branch,plain-write,53.044
14,B-branch,control-codec,23.705
14,B-branch,settings-d1,0.809
14,B-branch,settings-d8,0.805
14,B-branch,stream-store,77.276
14,B-branch,plain-write,52.594
14,B-branch,control-codec,23.566
14,B-branch,settings-d1,0.815
14,B-branch,settings-d8,0.806
14,B-branch,stream-store,76.876
14,B-branch,plain-write,52.427
14,B-branch,control-codec,23.513
15,A-main,settings-d1,0.81
15,A-main,settings-d8,0.8
15,A-main,stream-store,75.577
15,A-main,plain-write,66.728
15,A-main,control-codec,23.505
15,A-main,settings-d1,0.802
15,A-main,settings-d8,0.805
15,A-main,stream-store,75.536
15,A-main,plain-write,65.389
15,A-main,control-codec,23.557
15,A-main,settings-d1,0.805
15,A-main,settings-d8,0.805
15,A-main,stream-store,76.648
15,A-main,plain-write,65.225
15,A-main,control-codec,23.375
15,B-branch,settings-d1,0.801
15,B-branch,settings-d8,0.801
15,B-branch,stream-store,76.867
15,B-branch,plain-write,62.53
15,B-branch,control-codec,23.551
15,B-branch,settings-d1,0.81
15,B-branch,settings-d8,0.84
15,B-branch,stream-store,76.987
15,B-branch,plain-write,62.287
15,B-branch,control-codec,23.694
15,B-branch,settings-d1,0.811
15,B-branch,settings-d8,0.81
15,B-branch,stream-store,77.075
15,B-branch,plain-write,62.253
15,B-branch,control-codec,23.552
16,A-main,settings-d1,0.811
16,A-main,settings-d8,0.799
16,A-main,stream-store,79.067
16,A-main,plain-write,52.269
16,A-main,control-codec,23.001
16,A-main,settings-d1,0.806
16,A-main,settings-d8,0.806
16,A-main,stream-store,79.163
16,A-main,plain-write,52.612
16,A-main,control-codec,22.642
16,A-main,settings-d1,0.812
16,A-main,settings-d8,0.806
16,A-main,stream-store,80.389
16,A-main,plain-write,52.675
16,A-main,control-codec,22.645
16,B-branch,settings-d1,0.814
16,B-branch,settings-d8,0.821
16,B-branch,stream-store,77.487
16,B-branch,plain-write,52.615
16,B-branch,control-codec,22.942
16,B-branch,settings-d1,0.808
16,B-branch,settings-d8,0.813
16,B-branch,stream-store,76.59
16,B-branch,plain-write,51.85
16,B-branch,control-codec,22.714
16,B-branch,settings-d1,0.806
16,B-branch,settings-d8,0.81
16,B-branch,stream-store,76.175
16,B-branch,plain-write,51.682
16,B-branch,control-codec,22.796
17,A-main,settings-d1,0.834
17,A-main,settings-d8,0.795
17,A-main,stream-store,76.691
17,A-main,plain-write,53.169
17,A-main,control-codec,22.874
17,A-main,settings-d1,0.82
17,A-main,settings-d8,0.823
17,A-main,stream-store,77.173
17,A-main,plain-write,53.877
17,A-main,control-codec,22.938
17,A-main,settings-d1,0.816
17,A-main,settings-d8,0.81
17,A-main,stream-store,76.387
17,A-main,plain-write,53.329
17,A-main,control-codec,22.783
17,B-branch,settings-d1,0.802
17,B-branch,settings-d8,0.809
17,B-branch,stream-store,75.905
17,B-branch,plain-write,64.048
17,B-branch,control-codec,23.645
17,B-branch,settings-d1,0.845
17,B-branch,settings-d8,0.804
17,B-branch,stream-store,76.886
17,B-branch,plain-write,63.156
17,B-branch,control-codec,23.425
17,B-branch,settings-d1,0.807
17,B-branch,settings-d8,0.803
17,B-branch,stream-store,75.821
17,B-branch,plain-write,63.426
17,B-branch,control-codec,23.521
18,A-main,settings-d1,0.801
18,A-main,settings-d8,0.8
18,A-main,stream-store,76.849
18,A-main,plain-write,53.21
18,A-main,control-codec,22.962
18,A-main,settings-d1,0.812
18,A-main,settings-d8,0.808
18,A-main,stream-store,76.162
18,A-main,plain-write,53.457
18,A-main,control-codec,23.217
18,A-main,settings-d1,0.805
18,A-main,settings-d8,0.807
18,A-main,stream-store,76.481
18,A-main,plain-write,53.375
18,A-main,control-codec,25.516
18,B-branch,settings-d1,0.817
18,B-branch,settings-d8,0.802
18,B-branch,stream-store,77.03
18,B-branch,plain-write,52.081
18,B-branch,control-codec,22.622
18,B-branch,settings-d1,0.807
18,B-branch,settings-d8,0.807
18,B-branch,stream-store,76.45
18,B-branch,plain-write,52.165
18,B-branch,control-codec,22.801
18,B-branch,settings-d1,0.805
18,B-branch,settings-d8,0.81
18,B-branch,stream-store,76.577
18,B-branch,plain-write,52.335
18,B-branch,control-codec,23.02
19,A-main,settings-d1,0.826
19,A-main,settings-d8,0.815
19,A-main,stream-store,77.437
19,A-main,plain-write,52.987
19,A-main,control-codec,23.659
19,A-main,settings-d1,0.813
19,A-main,settings-d8,0.807
19,A-main,stream-store,78.091
19,A-main,plain-write,53.378
19,A-main,control-codec,23.797
19,A-main,settings-d1,0.812
19,A-main,settings-d8,0.808
19,A-main,stream-store,77.205
19,A-main,plain-write,53.245
19,A-main,control-codec,23.706
19,B-branch,settings-d1,0.818
19,B-branch,settings-d8,0.809
19,B-branch,stream-store,77.867
19,B-branch,plain-write,53.051
19,B-branch,control-codec,23.802
19,B-branch,settings-d1,0.813
19,B-branch,settings-d8,0.821
19,B-branch,stream-store,77.582
19,B-branch,plain-write,52.181
19,B-branch,control-codec,23.59
19,B-branch,settings-d1,0.806
19,B-branch,settings-d8,0.806
19,B-branch,stream-store,76.583
19,B-branch,plain-write,52.753
19,B-branch,control-codec,23.877
20,A-main,settings-d1,0.805
20,A-main,settings-d8,0.809
20,A-main,stream-store,77.559
20,A-main,plain-write,65.452
20,A-main,control-codec,23.423
20,A-main,settings-d1,0.804
20,A-main,settings-d8,0.807
20,A-main,stream-store,79.041
20,A-main,plain-write,59.538
20,A-main,control-codec,23.544
20,A-main,settings-d1,0.805
20,A-main,settings-d8,0.804
20,A-main,stream-store,78.721
20,A-main,plain-write,65.106
20,A-main,control-codec,23.658
20,B-branch,settings-d1,0.803
20,B-branch,settings-d8,0.802
20,B-branch,stream-store,75.712
20,B-branch,plain-write,63.49
20,B-branch,control-codec,23.671
20,B-branch,settings-d1,0.808
20,B-branch,settings-d8,0.804
20,B-branch,stream-store,76.261
20,B-branch,plain-write,62.723
20,B-branch,control-codec,23.845
20,B-branch,settings-d1,0.849
20,B-branch,settings-d8,0.808
20,B-branch,stream-store,76.092
20,B-branch,plain-write,63.207
20,B-branch,control-codec,23.528
21,A-main,settings-d1,0.802
21,A-main,settings-d8,0.804
21,A-main,stream-store,77.839
21,A-main,plain-write,59.296
21,A-main,control-codec,23.847
21,A-main,settings-d1,0.808
21,A-main,settings-d8,0.812
21,A-main,stream-store,77.368
21,A-main,plain-write,65.354
21,A-main,control-codec,23.714
21,A-main,settings-d1,0.81
21,A-main,settings-d8,0.806
21,A-main,stream-store,77.466
21,A-main,plain-write,66.077
21,A-main,control-codec,24.145
21,B-branch,settings-d1,0.819
21,B-branch,settings-d8,0.824
21,B-branch,stream-store,77.13
21,B-branch,plain-write,53.669
21,B-branch,control-codec,24.005
21,B-branch,settings-d1,0.817
21,B-branch,settings-d8,0.817
21,B-branch,stream-store,76.865
21,B-branch,plain-write,52.074
21,B-branch,control-codec,23.627
21,B-branch,settings-d1,0.898
21,B-branch,settings-d8,0.806
21,B-branch,stream-store,76.832
21,B-branch,plain-write,52.883
21,B-branch,control-codec,24.053
22,A-main,settings-d1,0.82
22,A-main,settings-d8,0.82
22,A-main,stream-store,77.946
22,A-main,plain-write,53.54
22,A-main,control-codec,23.801
22,A-main,settings-d1,0.811
22,A-main,settings-d8,0.807
22,A-main,stream-store,78.442
22,A-main,plain-write,52.962
22,A-main,control-codec,23.576
22,A-main,settings-d1,0.806
22,A-main,settings-d8,0.809
22,A-main,stream-store,76.852
22,A-main,plain-write,53.162
22,A-main,control-codec,23.76
22,B-branch,settings-d1,0.81
22,B-branch,settings-d8,0.818
22,B-branch,stream-store,77.01
22,B-branch,plain-write,52.334
22,B-branch,control-codec,22.759
22,B-branch,settings-d1,0.806
22,B-branch,settings-d8,0.806
22,B-branch,stream-store,76.313
22,B-branch,plain-write,52.569
22,B-branch,control-codec,23.453
22,B-branch,settings-d1,0.826
22,B-branch,settings-d8,0.851
22,B-branch,stream-store,77.246
22,B-branch,plain-write,52.171
22,B-branch,control-codec,22.611
23,A-main,settings-d1,0.801
23,A-main,settings-d8,0.809
23,A-main,stream-store,78.093
23,A-main,plain-write,54.224
23,A-main,control-codec,23.165
23,A-main,settings-d1,0.81
23,A-main,settings-d8,0.81
23,A-main,stream-store,77.984
23,A-main,plain-write,53.069
23,A-main,control-codec,23.137
23,A-main,settings-d1,0.806
23,A-main,settings-d8,0.809
23,A-main,stream-store,76.614
23,A-main,plain-write,53.997
23,A-main,control-codec,22.877
23,B-branch,settings-d1,0.798
23,B-branch,settings-d8,0.798
23,B-branch,stream-store,82.015
23,B-branch,plain-write,53.107
23,B-branch,control-codec,25.54
23,B-branch,settings-d1,0.808
23,B-branch,settings-d8,0.807
23,B-branch,stream-store,83.503
23,B-branch,plain-write,51.961
23,B-branch,control-codec,23.745
23,B-branch,settings-d1,0.805
23,B-branch,settings-d8,0.812
23,B-branch,stream-store,83.131
23,B-branch,plain-write,52.825
23,B-branch,control-codec,24.002
24,A-main,settings-d1,0.818
24,A-main,settings-d8,0.821
24,A-main,stream-store,77.438
24,A-main,plain-write,53.865
24,A-main,control-codec,23.457
24,A-main,settings-d1,0.819
24,A-main,settings-d8,0.819
24,A-main,stream-store,77.117
24,A-main,plain-write,54.582
24,A-main,control-codec,23.058
24,A-main,settings-d1,0.821
24,A-main,settings-d8,0.824
24,A-main,stream-store,77.545
24,A-main,plain-write,53.212
24,A-main,control-codec,23.005
24,B-branch,settings-d1,0.823
24,B-branch,settings-d8,0.804
24,B-branch,stream-store,75.503
24,B-branch,plain-write,60.809
24,B-branch,control-codec,23.498
24,B-branch,settings-d1,0.807
24,B-branch,settings-d8,0.804
24,B-branch,stream-store,75.798
24,B-branch,plain-write,61.634
24,B-branch,control-codec,23.47
24,B-branch,settings-d1,0.827
24,B-branch,settings-d8,0.813
24,B-branch,stream-store,76.342
24,B-branch,plain-write,61.122
24,B-branch,control-codec,23.494
